6.865537;6.034568;6.270214
5.272675;7.348211;4.320666
5.461876;6.699774;6.968263
5.449894;7.835730;3.601291
5.221329;8.207448;0.667706
9.687605;2.281295;1.665757
1.948421;2.921898;4.732537
7.380793;8.376502;8.630769
4.324886;4.871223;5.690552
0.720245;2.764224;1.465823
6.684399;6.946758;2.325959
5.452816;8.317946;9.787832
4.007171;2.261700;3.258608
6.635818;3.000687;4.452549
8.564556;6.819167;9.853467
0.591638;4.542975;6.565963
5.128206;5.811188;2.549903
4.531367;6.392016;3.655904
3.325743;7.149556;4.935504
3.555051;5.773627;2.985282
2.691893;4.074585;9.853464
5.846326;2.772495;9.536048
1.114421;3.750236;8.327939
0.794394;5.357631;8.093006
1.364940;3.410227;6.696377
8.673216;8.813238;3.688007
8.051888;3.814759;4.297249
2.835499;9.672126;6.468979
4.855941;7.630792;9.194613
3.185474;0.861312;4.418269
0.231400;9.780462;0.587696
3.769407;8.306405;6.435441
4.380640;2.391369;7.416419
9.072442;7.130702;5.466116
0.474427;0.468711;7.335061
5.556543;7.224383;8.364254
7.772599;0.673180;4.391414
8.420981;5.329938;3.302166
9.958159;8.986369;3.969566
5.332026;6.377565;9.040916
0.707089;9.011206;8.226015
6.751026;2.901627;4.175267
3.131761;7.302920;0.394107
9.755673;2.181012;8.804975
2.365731;1.828013;4.314033
8.564334;3.320824;5.615707
6.540195;6.241341;0.302942
3.125539;2.954991;8.154836
9.032104;7.882079;8.709225
2.794862;2.024776;6.857668
6.551161;7.215314;7.258392
3.759677;1.146579;9.939020
7.892507;2.938218;9.600470
5.334120;5.175831;5.792153
8.844293;4.391847;0.708353
4.133385;1.708547;8.248005
0.466219;8.893290;1.345351
4.801329;7.517164;4.353797
9.508625;1.373038;4.267190
1.816836;0.625268;1.870291
2.967466;2.447868;6.679794
4.043466;7.535681;3.430366
5.215292;7.835125;1.402335
2.319800;4.053862;7.867385
3.768408;8.414013;3.324403
2.632283;8.585978;4.947532
9.147689;8.410209;4.975150
8.137581;0.652308;8.419690
1.632287;5.257108;2.202244
4.373306;3.091168;7.560815
0.937692;4.695940;7.766198
8.436345;8.452041;9.978563
4.513995;2.934226;8.914515
4.209881;5.423750;6.396770
2.829592;3.596796;1.334195
4.470893;3.962435;8.322356
6.129141;5.280550;7.301555
1.619447;1.112486;1.250440
2.584227;9.796641;7.711680
7.418841;2.585482;4.841485
5.143126;3.360683;5.174514
1.386547;5.982992;8.011746
5.965079;6.462282;5.030423
6.905318;1.958009;0.150875
3.291991;6.248939;8.880184
6.885043;4.674134;1.481450
4.591816;5.186557;9.833101
3.203630;8.177719;2.598653
9.559357;4.581234;5.677592
8.558931;3.173073;9.625347
0.911777;4.320636;5.848577
6.050965;0.355845;8.489593
3.292896;6.847559;6.385904
2.401161;6.462423;0.849264
9.125981;9.369989;4.831277
5.642730;6.053114;7.462865
4.796021;9.700908;2.939246
3.031956;3.175561;2.784381
5.670782;5.111821;4.253822
0.996211;1.366489;1.093090